{"cameraMode":{"drawMode":0,"name":"Shaded","section":"Shading Mode"},"sceneLighting":true,"audioPlay":false,"sceneViewState":{"showFog":true,"showMaterialUpdate":true,"showSkybox":true,"showFlares":true,"showImageEffects":true,"showParticleSystems":true},"in2DMode":false,"pivot":{"x":0.2112746238708496,"y":-13.266700744628907,"z":77.69467163085938},"rotation":{"x":0.7753444314002991,"y":0.009471127763390541,"z":-0.011631042696535588,"w":0.6313609480857849},"size":21.109312057495118,"orthographic":false}