{"cameraMode":{"drawMode":0,"name":"Shaded","section":"Shading Mode"},"sceneLighting":true,"audioPlay":false,"sceneViewState":{"showFog":true,"showMaterialUpdate":true,"showSkybox":true,"showFlares":true,"showImageEffects":true,"showParticleSystems":true},"in2DMode":false,"pivot":{"x":-0.8698022961616516,"y":0.5094460248947144,"z":0.4749401807785034},"rotation":{"x":0.03143230825662613,"y":-0.06292712688446045,"z":0.0019828586373478176,"w":0.9975213408470154},"size":0.3061862289905548,"orthographic":false}